{
  "total_return_pct": -11.527779481414878,
  "sharpe": -0.2679484495899394,
  "sortino": -0.3838924666017801,
  "calmar": -0.0012109366723841014,
  "composite_score": -0.2343048025194091,
  "max_drawdown_pct": -33.80461777563267,
  "n_trades": 526,
  "daily_coverage": 0.21473951715374842,
  "trades_per_day": 0.6683608640406608,
  "avg_utilization": 0.05497946567088749,
  "n_bars": 75385
}