{
  "total_return_pct": 109.04158527790867,
  "sharpe": 2.8551169512924384,
  "sortino": 4.893233856214489,
  "calmar": 0.027542037246993147,
  "composite_score": 2.822091239047625,
  "max_drawdown_pct": -8.973454201540509,
  "n_trades": 461,
  "daily_coverage": 0.12960609911054638,
  "trades_per_day": 0.5857687420584498,
  "avg_utilization": 0.027507317530661695,
  "n_bars": 75277,
  "win_rate_pct": 33.622559652928416,
  "avg_trade_pnl_pct": -0.08205716299502158,
  "best_trade_pct": 6.910641280851077,
  "worst_trade_pct": -2.5186926931597258
}