{
  "total_return_pct": -29.71699382223999,
  "sharpe": -5.316830965129266,
  "sortino": -6.812506335212147,
  "calmar": -0.003801510407843837,
  "composite_score": -4.321192276745992,
  "max_drawdown_pct": -30.089828086281535,
  "n_trades": 498,
  "daily_coverage": 0.06296296296296296,
  "trades_per_day": 0.6148148148148148,
  "avg_utilization": 0.005568849616372511,
  "n_bars": 77644
}