{
  "total_return_pct": -30.007615264788935,
  "sharpe": -13.375731740734539,
  "sortino": -13.91297331732371,
  "calmar": -0.0012858389677754818,
  "composite_score": -9.578294600840179,
  "max_drawdown_pct": -30.007615264788935,
  "n_trades": 530,
  "daily_coverage": 0.007407407407407408,
  "trades_per_day": 0.654320987654321,
  "avg_utilization": 0.0007240187499646549,
  "n_bars": 232972
}