{
  "total_return_pct": -29.749556570347725,
  "sharpe": -4.901193583991677,
  "sortino": -5.95052598427899,
  "calmar": -0.003816616954341725,
  "composite_score": -3.8517134539954014,
  "max_drawdown_pct": -30.010092562677183,
  "n_trades": 446,
  "daily_coverage": 0.0345679012345679,
  "trades_per_day": 0.5506172839506173,
  "avg_utilization": 0.0074530951867849355,
  "n_bars": 77644
}