{
  "total_return_pct": -28.40547811050952,
  "sharpe": -1.4072341253435867,
  "sortino": -2.2289356944618546,
  "calmar": -0.0036074524481520577,
  "composite_score": -1.3148267511222633,
  "max_drawdown_pct": -30.99119465755946,
  "n_trades": 530,
  "daily_coverage": 0.11308767471410419,
  "trades_per_day": 0.6734434561626429,
  "avg_utilization": 0.012796493339659055,
  "n_bars": 75277,
  "win_rate_pct": 30.943396226415093,
  "avg_trade_pnl_pct": -0.06498160477508937,
  "best_trade_pct": 5.542770649663392,
  "worst_trade_pct": -4.3334785000401235
}