{
  "total_return_pct": 175.34379917689463,
  "sharpe": 3.389629648748031,
  "sortino": 5.895025820643481,
  "calmar": 0.03905260420147731,
  "composite_score": 3.386615004142245,
  "max_drawdown_pct": -8.684529421272636,
  "n_trades": 565,
  "daily_coverage": 0.13468869123252858,
  "trades_per_day": 0.7179161372299873,
  "avg_utilization": 0.029867447464449623,
  "n_bars": 75385
}