{
  "total_return_pct": 25.99568379761712,
  "sharpe": 1.2475264214620276,
  "sortino": 2.200560609764617,
  "calmar": 0.19405790170687168,
  "composite_score": 1.3126995408565165,
  "max_drawdown_pct": -6.368346687420479,
  "n_trades": 18,
  "daily_coverage": 0.022756005056890013,
  "trades_per_day": 0.022756005056890013,
  "avg_utilization": 0.015215683318257095,
  "n_bars": 4741,
  "win_rate_pct": 38.88888888888889,
  "avg_trade_pnl_pct": 0.12180247625112016,
  "best_trade_pct": 9.301286070357289,
  "worst_trade_pct": -5.40011310529185
}