{
  "total_return_pct": 13.529264486130256,
  "sharpe": 0.49042928229114346,
  "sortino": 0.6922985116142701,
  "calmar": 0.0028910552645587603,
  "composite_score": 0.4249155059124187,
  "max_drawdown_pct": -14.675073085828194,
  "n_trades": 196,
  "daily_coverage": 0.25412960609911056,
  "trades_per_day": 0.24904701397712833,
  "avg_utilization": 0.02264022497260891,
  "n_bars": 75385
}