{
  "total_return_pct": 38.047291867333335,
  "sharpe": 2.1791614917335664,
  "sortino": 5.428319952895624,
  "calmar": 0.7044261945058732,
  "composite_score": 3.0364042870300816,
  "max_drawdown_pct": -2.4538731918331003,
  "n_trades": 16,
  "daily_coverage": 0.020227560050568902,
  "trades_per_day": 0.020227560050568902,
  "avg_utilization": 0.015023331524083035,
  "n_bars": 4741,
  "win_rate_pct": 43.75,
  "avg_trade_pnl_pct": 1.720872460096674,
  "best_trade_pct": 8.582319064488038,
  "worst_trade_pct": -1.271273228542708
}