{
  "total_return_pct": -16.3183667721565,
  "sharpe": -0.5667689318123372,
  "sortino": -0.7928306023829346,
  "calmar": -0.0023153069289276575,
  "composite_score": -0.48785751257555326,
  "max_drawdown_pct": -25.71373565780206,
  "n_trades": 223,
  "daily_coverage": 0.2782719186785261,
  "trades_per_day": 0.2833545108005083,
  "avg_utilization": 0.018859878290920794,
  "n_bars": 75385
}